{
  "type" : "object",
  "id" : "urn:jsonschema:io:gravitee:policy:json2json:configuration:JsonToJsonTransformationPolicyConfiguration",
  "properties" : {
    "scope" : {
      "title": "Scope",
      "description": "Execute policy on <strong>request</strong> or <strong>response</strong> phase.",
      "type" : "string",
      "default": "REQUEST",
      "enum" : [ "REQUEST", "RESPONSE" ]
    },
    "overrideContentType" : {
      "title": "Override the Content-Type",
      "description": "Enforce the Content-Type: application/json",
      "type" : "boolean",
      "default": true
    },
    "specification" : {
      "title": "JOLT specification",
      "type" : "string",
      "x-schema-form": {
        "type": "codemirror",
        "codemirrorOptions": {
          "placeholder": "Place your JOLT specification here or drag'n'drop your JOLT specification file",
          "lineWrapping": true,
          "lineNumbers": true,
          "allowDropFileTypes": true,
          "autoCloseTags": true,
          "mode": "javascript"
        }
      }
    }
  },
  "required": [
    "specification"
  ]
}